{
    "accuracy": 0.7385038733482361,
    "loss": 0.7948405109345913,
    "epochs": 25,
    "execution_time": 43.23746371269226,
    "accuracy_over_epochs": [
        0.6553324460983276,
        0.7175703048706055,
        0.727979302406311,
        0.730940043926239,
        0.7353194952011108,
        0.736121416091919,
        0.7339625358581543,
        0.7361136674880981,
        0.7348260879516602,
        0.7346255779266357,
        0.7343403100967407,
        0.7353349328041077,
        0.7348800301551819,
        0.7356433272361755,
        0.7362216114997864,
        0.7355353832244873,
        0.7378947734832764,
        0.7386812567710876,
        0.7397221326828003,
        0.738935649394989,
        0.7381184101104736,
        0.7376403212547302,
        0.737655758857727,
        0.7380720973014832,
        0.7385038733482361
    ],
    "loss_over_epochs": [
        1.4866212382912636,
        0.8721495047211647,
        0.8308929391205311,
        0.8089360781013966,
        0.8013078942894936,
        0.797511637210846,
        0.7990419864654541,
        0.7932138629257679,
        0.799793004989624,
        0.8003583177924156,
        0.7981917820870876,
        0.7985814474523067,
        0.8014480583369732,
        0.7958226837217808,
        0.799502432346344,
        0.7973101921379566,
        0.7974858395755291,
        0.796154048293829,
        0.7956813089549541,
        0.7966163568198681,
        0.7965435273945332,
        0.7972635328769684,
        0.7938924245536327,
        0.7948231883347034,
        0.7948405109345913
    ]
}